{
  "Main API" : {
    "transaction" : "Main API",
    "sampleCount" : 3,
    "errorCount" : 0,
    "errorPct" : 0.0,
    "meanResTime" : 31275.666666666668,
    "medianResTime" : 32702.0,
    "minResTime" : 26479.0,
    "maxResTime" : 34646.0,
    "pct1ResTime" : 34646.0,
    "pct2ResTime" : 34646.0,
    "pct3ResTime" : 34646.0,
    "throughput" : 0.08494973807164094,
    "receivedKBytesPerSec" : 178.63538975116808,
    "sentKBytesPerSec" : 0.00954025378734249
  },
  "Search Request" : {
    "transaction" : "Search Request",
    "sampleCount" : 3,
    "errorCount" : 3,
    "errorPct" : 100.0,
    "meanResTime" : 270.6666666666667,
    "medianResTime" : 329.0,
    "minResTime" : 113.0,
    "maxResTime" : 370.0,
    "pct1ResTime" : 370.0,
    "pct2ResTime" : 370.0,
    "pct3ResTime" : 370.0,
    "throughput" : 1.890359168241966,
    "receivedKBytesPerSec" : 45.78029005198488,
    "sentKBytesPerSec" : 0.3581344517958412
  },
  "Total" : {
    "transaction" : "Total",
    "sampleCount" : 12,
    "errorCount" : 3,
    "errorPct" : 25.0,
    "meanResTime" : 13336.0,
    "medianResTime" : 9063.0,
    "minResTime" : 113.0,
    "maxResTime" : 34646.0,
    "pct1ResTime" : 34062.8,
    "pct2ResTime" : 34646.0,
    "pct3ResTime" : 34646.0,
    "throughput" : 0.21903006187599247,
    "receivedKBytesPerSec" : 208.32122441226934,
    "sentKBytesPerSec" : 0.030801102451311443
  },
  "Popular road Request" : {
    "transaction" : "Popular road Request",
    "sampleCount" : 3,
    "errorCount" : 0,
    "errorPct" : 0.0,
    "meanResTime" : 657.3333333333334,
    "medianResTime" : 812.0,
    "minResTime" : 265.0,
    "maxResTime" : 895.0,
    "pct1ResTime" : 895.0,
    "pct2ResTime" : 895.0,
    "pct3ResTime" : 895.0,
    "throughput" : 1.2663571127057829,
    "receivedKBytesPerSec" : 79.06693554769944,
    "sentKBytesPerSec" : 0.18426485331363443
  },
  "Bus Request" : {
    "transaction" : "Bus Request",
    "sampleCount" : 3,
    "errorCount" : 0,
    "errorPct" : 0.0,
    "meanResTime" : 21140.333333333332,
    "medianResTime" : 21705.0,
    "minResTime" : 17231.0,
    "maxResTime" : 24485.0,
    "pct1ResTime" : 24485.0,
    "pct2ResTime" : 24485.0,
    "pct3ResTime" : 24485.0,
    "throughput" : 0.11282861333634209,
    "receivedKBytesPerSec" : 182.21156275856558,
    "sentKBytesPerSec" : 0.013001734739930047
  }
}